Activity Date,Activity Name,Activity Description,Elapsed Time,Distance,Moving Time,Max Speed,Average Speed,Elevation Gain,Elevation Loss,Elevation Low,Elevation High,Max Grade,Average Grade,Average Positive Grade,Average Negative Grade,Max Cadence,Average Cadence,Max Heart Rate,Average Heart Rate,Max Watts,Average Watts,Calories,Max Temperature,Average Temperature,Relative Effort,Total Work,Number of Runs,Uphill Time,Downhill Time,Other Time,Perceived Exertion,Type,Start Time,Weighted Average Power,Power Count,Prefer Perceived Exertion,Perceived Relative Effort,Commute,Total Weight Lifted,From Upload,Grade Adjusted Distance,Weather Observation Time,Weather Condition,Weather Temperature,Apparent Temperature,Dewpoint,Humidity,Weather Pressure,Wind Speed,Wind Gust,Wind Bearing,Precipitation Intensity,Sunrise Time,Sunset Time,Moon Phase,Bike,Gear,Precipitation Probability,Precipitation Type,Cloud Cover,Weather Visibility,UV Index,Weather Ozone,Jump Count,Total Grit,Average Flow,Flagged,Average Elapsed Speed,Dirt Distance,Newly Explored Distance,Newly Explored Dirt Distance,Activity Count,Total Steps,Carbon Saved,Pool Length,Training Load,Intensity,Average Grade Adjusted Pace,Timer Time,Total Cycles,Media
"Jun 25, 2023, 11:44:39 PM",Ethan ,"Barely stopped, no breaks but lots of brake usage",1391,5.01,1343,6.816015720367432,3.732099771499634,36.11987305,36.01987075805664,33.099998474121094,49.400001525878906,8.353217124938965,0.001995128,,,,,,,,,,,,,,,,,,,,,,,0,,0,,1,,,,,,,,,,,,,,,,,,,,,,,,,,,0,3.603314161300659,0,,,,,,,,,,,,
"Jun 27, 2023, 8:18:35 PM",Fucking rain,,651,2.15,508,7.285986423492432,4.2358269691467285,5.511188983917236,1.811188817024231,44.900001525878906,50.79999923706055,4.085203170776367,0.17194905877113342,,,,,,,,,,,,,,,,,,,,,,,0,,0,,1,,,,,,,,,,,,,,,,,,,,,,,,,,,0,3.3053765296936035,0,,,,,,,,,,,,
"Jun 27, 2023, 8:45:46 PM",Ethan Allen and then some,,1655,7.11,1633,9.753295898,4.354053974151611,40.83216857910156,40.73216629,33.099998474121094,50,7.346938610076904,0.001406436,,,,,,,,,,,,,,,,,,,,,,,0,,0,,1,,,,,,,,,,,,,,,,,,,,,,,,,,,0,4.296175003051758,102.0999984741211,,,,,,,,,,,,
"Jun 28, 2023, 10:18:00 PM",Causeway,,3668,14.94,3599,15.356054306030273,4.151800632476807,28.51580238342285,28.415802001953125,31.799999237060547,52.099998474121094,6.6742706298828125,0.00066924,,,,,,,,,,,,,,,,,,,,,,,0,,0,,1,,,,,,,,,,,,,,,,,,,,,,,,,,,0,4.073699474334717,832.7999877929688,,,,,,,,,,,,
"Jun 29, 2023, 6:56:00 PM",Saratoga,,1938,7.41,1912,6.805956840515137,3.8785932064056396,19.959999084472656,19.459999084472656,48.099998474121094,68.09999847,3.3389036655426025,0.006742297,,,,,,,,,,,,,,,,,,,,,,,0,,0,,1,,,,,,,,,,,,,,,,,,,,,,,,,,,0,3.8265583515167236,186.89999389648438,,,,,,,,,,,,
"Jun 30, 2023, 5:53:13 PM",Swtchback,,9903,13.41,3281,29.42443848,4.087022304534912,45.63069152832031,27.630691528320312,30.799999237060547,51.5,8.429718017578125,0.1342329978942871,,,,,,,,,,,,,,,,,,,,,,,0,,0,,1,,,,,,,,,,,,,,,,,,,,,,,,,,,0,1.3540866374969482,287,,,,,,,,,,,,
"Jun 30, 2023, 9:19:24 PM",Short,,1072,2.27,631,7.783999443054199,3.598177433013916,4.254545689,4.0545454025268555,44.900001525878906,49.20000076293945,2.2497150897979736,0.008808827,,,,,,,,,,,,,,,,,,,,,,,0,,0,,1,,,,,,,,,,,,,,,,,,,,,,,,,,,0,2.117957115,0,,,,,,,,,,,,
"Jul 1, 2023, 6:53:05 PM",Short ethan allen,,819,3.52,797,9.004003524780273,4.416486740112305,24.92796516418457,21.327964782714844,34.599998474121094,50,9.314094543457031,0.10227447003126144,,,,,,,,,,,,,,,,,,,,,,,0,,0,,1,,,,,,,,,,,,,,,,,,,,,,,,,,,0,4.297851085662842,0,,,,,,,,,,,,
"Jul 2, 2023, 4:55:23 PM",Simple roots,,2725,4.25,1079,7.509997367858887,3.946070432662964,3.9355554580688477,3.9355554580688477,48.099998474121094,52.099998474121094,4.518062114715576,0,,,,,,,,,,,,,,,,,,,,,,,0,,0,,1,,,,,,,,,,,,,,,,,,,,,,,,,,,0,1.5624990463256836,366.5,,,,,,,,,,,,
"Jul 2, 2023, 11:47:49 PM",Ethan Allen again,,1686,7.6,1660,8.047998428344727,4.579909801483154,43.51507568359375,43.415077209472656,33.099998474121094,49.900001525878906,10.57608413696289,0.001315331,,,,,,,,,,,,,,,,,,,,,,,0,,0,,1,,,,,,,,,,,,,,,,,,,,,,,,,,,0,4.509282112121582,99,,,,,,,,,,,,
"Jul 4, 2023, 4:12:12 PM",Longer causeway,,4177,17.96,4019,7.687988281,4.468636512756348,41.72718048095703,41.82718276977539,31.200000762939453,52.099998474121094,7.4167070388793945,-0.00055681,,,,,,,,,,,,,,,,,,,,,,,0,,0,,1,,,,,,,,,,,,,,,,,,,,,,,,,,,0,4.299604892730713,3689.600098,,,,,,,,,,,,
"Jul 14, 2023, 6:29:18 PM",Four quarters,,11166,24.96,4676,23.729663848876953,5.3392558097839355,157.46270751953125,154.3627166748047,33.099998474121094,76.40000153,10.973877906799316,0.012416708283126354,,,,,,,,,,,,,,,,,,,,,,,0,,0,,1,,,,,,,,,,,,,,,,,,,,,,,,,,,0,2.235926866531372,892.0999755859375,,,,,,,,,,,,
"Jul 15, 2023, 1:35:45 PM",Post office,,3598,4.7,1266,7.639990329742432,3.7148263454437256,5.8971428871154785,5.997142791748047,48.099998474121094,54.20000076293945,4.030632972717285,-0.002126316,,,,,,,,,,,,,,,,,,,,,,,0,,0,,1,,,,,,,,,,,,,,,,,,,,,,,,,,,0,1.3071067333221436,227.8000030517578,,,,,,,,,,,,
"Jul 15, 2023, 5:35:51 PM",Waterfront ,,2834,14.34,2726,7.712109565734863,5.262153148651123,28.06315803527832,31.163158416748047,32.099998474121094,54.20000076293945,10.82452392578125,-0.021610875,,,,,,,,,,,,,,,,,,,,,,,0,,0,,1,,,,,,,,,,,,,,,,,,,,,,,,,,,0,5.061619758605957,8.100000381469727,,,,,,,,,,,,
"Jul 17, 2023, 4:51:24 PM",Causeway ride,,3887,18.49,3567,8.195898056030273,5.184973717,49.95930862426758,44.15930176,31.200000762939453,54.20000076293945,8.181818008422852,0.031360164284706116,,,,,,,,,,,,,,,,,,,,,,,0,,0,,1,,,,,,,,,,,,,,,,,,,,,,,,,,,0,4.758117198944092,5648.600098,,,,,,,,,,,,
"Jul 19, 2023, 9:44:24 PM",Food truck,,1183,3.14,923,7.884033203,3.4012999534606934,4.03000021,13.430000305175781,39.400001525878906,52.20000076293945,5.050477027893066,-0.299420267,,,,,,,,,,,,,,,,,,,,,,,0,,0,,1,,,,,,,,,,,,,,,,,,,,,,,,,,,0,2.653761625289917,309.20001220703125,,,,,,,,,,,,
"Jul 20, 2023, 5:08:48 PM",To dr,,2465,7.53,1493,26.282983779907227,5.048874855041504,20.66410255432129,19.564102172851562,30.799999237060547,45,3.915776491165161,0.014592788182199001,,,,,,,,,,,,,,,,,,,,,,,0,,0,,1,,,,,,,,,,,,,,,,,,,,,,,,,,,0,3.058000087738037,108.80000305175781,,,,,,,,,,,,
"Jul 20, 2023, 10:33:21 PM",Evening Ride,,2028,6.6,1909,8.284000396728516,3.4597957134246826,9.951818466186523,23.651817321777344,32,51.900001525878906,5.131742954,-0.207426473,,,,,,,,,,,,,,,,,,,,,,,0,,0,,1,,,,,,,,,,,,,,,,,,,,,,,,,,,0,3.2567801475524902,288.79998779296875,,,,,,,,,,,,
"Jul 21, 2023, 12:08:23 AM",Back from foam,,2132,6.74,1935,8.363999366760254,3.485023260116577,27.957693099975586,14.057692527770996,32,51.900001525878906,5.408402919769287,0.20612379908561707,,,,,,,,,,,,,,,,,,,,,,,0,,0,,1,,,,,,,,,,,,,,,,,,,,,,,,,,,0,3.163001775741577,198.10000610351562,,,,,,,,,,,,
"Jul 21, 2023, 6:27:02 PM",Snow wine and thunderstorms,,13872,40.99,8375,13.73339844,4.895087718963623,150.4714813232422,150.67147827148438,29.700000762939453,67.19999694824219,9.825160026550293,-0.000487848,,,,,,,,,,,,,,,,,,,,,,,0,,0,,1,,,,,,,,,,,,,,,,,,,,,,,,,,,0,2.955331563949585,19603.30078,,,,,,,,,,,,
"Jul 22, 2023, 9:21:57 PM",Afternoon Ride,,1063,3.87,977,6.164013862609863,3.968997001647949,3.424999952316284,13.324999809265137,32,46,1.7045596837997437,-0.25530532,,,,,,,,,,,,,,,,,,,,,,,0,,0,,1,,,,,,,,,,,,,,,,,,,,,,,,,,,0,3.647892713546753,0,,,,,,,,,,,,
"Jul 23, 2023, 9:34:35 PM",Queen city,,4085,20.6,3950,14.530017852783203,5.216784954071045,50.78701400756836,50.88701248168945,30.799999237060547,54.29999923706055,5.312107563018799,-0.000485288,,,,,,,,,,,,,,,,,,,,,,,0,,0,,1,,,,,,,,,,,,,,,,,,,,,,,,,,,0,5.044382095336914,314.3999938964844,,,,,,,,,,,,
"Jul 24, 2023, 10:07:51 PM",Ride with joanna,,6182,17.15,4925,8.422070503234863,3.4831230640411377,44.24932861328125,44.149330139160156,33.099998474121094,52.29999923706055,9.776989936828613,0.000582941,,,,,,,,,,,,,,,,,,,,,,,0,,0,,1,,,,,,,,,,,,,,,,,,,,,,,,,,,0,2.7748918533325195,504.79998779296875,,,,,,,,,,,,
"Jul 25, 2023, 2:45:21 PM",Bike ferry and lunch,,8209,30.21,6274,7.994042873382568,4.816021919250488,63.434940338134766,63.53493881225586,31.200000762939453,54.29999923706055,9.400963783,-0.000330954,,,,,,,,,,,,,,,,,,,,,,,0,,0,,1,,,,,,,,,,,,,,,,,,,,,,,,,,,0,3.6808040142059326,13700.59961,,,,,,,,,,,,
"Jul 26, 2023, 12:51:00 PM",Bagels,,2985,4.37,1032,6.802001953,4.234166622161865,5.9422078132629395,5.9422078132629395,48.099998474121094,54.29999923706055,3.4995648860931396,0,,,,,,,,66.29582214355469,76.28527832,,,,,,,,,,,,,,0,,0,,1,,,,,,,,,,,,,,,,,,,,,,,,,,,0,1.4638727903366089,176.89999389648438,,,,,,,,,,,,
"Jul 26, 2023, 5:48:32 PM",Water department,,5231,14.84,3147,7.518798828,4.718395233154297,34.434532165527344,34.434532165527344,32,55.79999923706055,11.282051086425781,0,,,,,,,,74.97061920166016,263.06475830078125,,,,,,,,,,,,,,0,,0,,1,,,,,,,,,,,,,,,,,,,,,,,,,,,0,2.838613986968994,181.60000610351562,,,,,,,,,,,,
"Jul 27, 2023, 10:26:07 PM",Queen city with Joanna ,,7765,19.31,5662,7.830078125,3.4120118618011475,49.09453201293945,48.99453353881836,30.799999237060547,52.29999923706055,6.642880439758301,0.00051763,,,,,,,,67.48304748535156,426.0292663574219,,,,,,,,,,,,,,0,,0,,1,,,,,,,,,,,,,,,,,,,,,,,,,,,0,2.4879343509674072,733.4000244140625,,,,,,,,,,,,
"Jul 28, 2023, 5:25:26 PM",Intervals hell,,11729,33.76,8452,9.732030868530273,3.9946463108062744,198.9831085205078,198.8831024169922,30.799999237060547,132.10000610351562,11.722953796386719,0.000296184,,,,,,,,81.16766357421875,764.9224243164062,,,,,,,,,,,,,,0,,0,,1,,,,,,,,,,,,,,,,,,,,,,,,,,,0,2.878570318222046,5353.600098,,,,,,,,,,,,
"Jul 30, 2023, 6:30:34 PM",Afternoon Ride,,13420,9,4668,7.240038871765137,1.9298349618911743,28.411828994750977,28.511829376220703,48.099998474121094,74.09999847,6.791201591491699,-0.001110066,,,,,,,,70.75066375732422,368.2444763183594,,,,,,,,,,,,,,0,,0,,1,,,,,,,,,,,,,,,,,,,,,,,,,,,0,0.6712719798088074,279.20001220703125,,,,,,,,,,,,
"Jul 30, 2023, 11:14:18 PM",Evening ride ,,1943,9.5,1819,8.272069931030273,5.225937366485596,53.76936340332031,53.66936492919922,33.20000076293945,50.20000076293945,6.653761386871338,0.001051969,,,,,,,,81.85247039794922,166.0119629,,,,,,,,,,,,,,0,,0,,1,,,,,,,,,,,,,,,,,,,,,,,,,,,0,4.892424107,101.9000015258789,,,,,,,,,,,,
"Jul 31, 2023, 9:32:39 PM",Spot on the dock,,11640,15.8,4324,13.488142013549805,3.653982400894165,32.85326004,32.75326156616211,30,52.20000076293945,4.027645111083984,0.000632919,,,,,,,,70.93794250488281,342.0102539,,,,,,,,,,,,,,0,,0,,1,,,,,,,,,,,,,,,,,,,,,,,,,,,0,1.3573728799819946,356.79998779296875,,,,,,,,,,,,
"Aug 2, 2023, 3:20:34 PM",Stupid app didn't restart,,6617,21.69,4009,10.241991996765137,5.411593914031982,56.483306884765625,64.28330993652344,29.700000762939453,67.19999694824219,10.513346672058105,-0.035952851,,,,,,,,84.9017334,379.51373291015625,,,,,,,,,,,,,,0,,0,,1,,,,,,,,,,,,,,,,,,,,,,,,,,,0,3.2786881923675537,8880.099609,,,,,,,,,,,,
"Aug 2, 2023, 11:07:00 PM",Foam and lake,,7265,13.91,4060,8.169921875,3.427886724472046,31.62740707397461,26.827407836914062,30.799999237060547,51.900001525878906,6.657781124,0.034489646553993225,,,,,,,,62.1484375,281.3397521972656,,,,,,,,,,,,,,0,,0,,1,,,,,,,,,,,,,,,,,,,,,,,,,,,0,1.915653109550476,673,,,,,,,,,,,,
"Aug 3, 2023, 7:57:15 PM",Simple roots and rain,,4083,4.66,1180,7.495995998382568,3.9530930519104004,5.8466668128967285,5.8466668128967285,48.099998474121094,54.20000076293945,3.625380277633667,0,,,,,,,,71.03205871582031,93.45687866210938,,,,,,,,,,,,,,0,,0,,1,,1691089152,8,23.87999916,24.670000076293945,17.25,0.6600000262260437,1013.0599975585938,6.760000228881836,11.220000267028809,181,0.20000000298023224,1691055744,1691108224,0.625,,,0.6600000262260437,5,0.7799999713897705,25490.08984,4,,,,,0,1.1424565315246582,245.39999389648438,,,,,,,,,,,,
"Aug 5, 2023, 1:13:42 PM",Farmers market with Joanna ,,7083,19.2,4712,7.469922065734863,4.0753374099731445,45.116668701171875,45.01667022705078,30.799999237060547,57.5,4.012853622436523,0.000520752,,,,,,,,64.60897064208984,339.4477844238281,,,,,,,,,,,,,,0,,0,,1,,1691240448,2,17.649999618530273,18.079999923706055,16.309999465942383,0.9200000166893005,1015.8800048828125,0.949999988,4.119999885559082,341,0,1691228672,1691280768,0.625,,,0,1,0.4399999976158142,18093.59961,2,,,,,0,2.7111380100250244,100.4000015258789,,,,,,,,,,,,
"Aug 5, 2023, 8:29:28 PM",Oakledge and back,,4282,19.58,3745,8.944043159484863,5.230013370513916,50.410037994384766,50.31003952026367,30.799999237060547,57.400001525878906,7.052098751068115,0.000510558,,,,,,,,75.18325043,313.9408264160156,,,,,,,,,,,,,,0,,0,,1,,1691265536,1,24.559999465942383,24.56999969482422,14.050000190734863,0.5199999809265137,1015.4500122070312,3.359999895095825,6.25,348,0,1691228672,1691280768,0.625,,,0,1,0.17000000178813934,32586.16016,4,,,,,0,4.574124336242676,300.5,,,,,,,,,,,,
"Aug 6, 2023, 5:44:30 PM",Shy guys with Joanna,,7188,18.79,5051,16.984081268310547,3.7205066680908203,48.00075912475586,48.10075759887695,31.600000381469727,52.20000076293945,5.876151084899902,-0.000532133,,,,,,,,67.45799255371094,379.9143066,,,,,,,,,,,,,,0,,0,,1,,1691341184,1,24.190000534057617,24.239999771118164,14.229999542236328,0.5400000214576721,1016.010009765625,1.5399999618530273,4.53000021,337,0,1691315072,1691367168,0.625,,,0,1,0.1899999976158142,31920.05078,8,,,,,0,2.614396095275879,499.20001220703125,,,,,,,,,,,,
"Aug 7, 2023, 6:17:37 PM",Work,,1852,8.81,1820,19.07495117,4.845412254333496,98.13298797607422,41.432987213134766,33.20000076293945,106.5999984741211,13.698163986206055,0.6429555416107178,,,,,,,,109.32483673095703,221.85289001464844,,,,,,,,,,,,,,0,,0,,1,,1691431168,5,21.729999542236328,22.68000030517578,18.09000015258789,0.800000012,1010.8599853515625,3.8299999237060547,8.279999732971191,136,0.30000001192092896,1691401600,1691453440,0.75,,,0.7799999713897705,5,0.9900000095367432,17340.08984,4,,,,,0,4.761690139770508,529.0999755859375,,,,,,,,,,,,
"Aug 9, 2023, 5:01:52 PM",PT and bike ferry ,,7397,28.98,5608,9.416015625,5.168912410736084,56.785301208496094,56.785301208496094,31.200000762939453,54.20000076293945,6.459456443786621,0,,,,,,,,78.06369018554688,488.1259766,,,,,,,,,,,,,,0,,0,,1,,1691600384,2,24.75,25.420000076293945,16.760000228881836,0.6100000143051147,1003.1199951171875,2.2200000286102295,5.980000019073486,314,0,1691574528,1691626112,0.875,,,0.4699999988079071,5,0.4300000071525574,29282.89063,6,,,,,0,3.918786049,13822.2998,,,,,,,,,,,,
"Aug 10, 2023, 3:27:31 PM",Switchback and katherine,,9448,20.43,4136,9.25390625,4.939455986022949,61.45116043,61.45116043,30.799999237060547,58.099998474121094,39.94628143310547,0,,,,,,,,75.4309082,347.8601989746094,,,,,,,,,,,,,,0,,0,,1,,1691679616,3,23.469999313354492,24.37999916,17.75,0.699999988,1004.6199951171875,4.070000171661377,7.340000152587891,178,0,1691660928,1691712384,0.875,,,0.7300000190734863,5,0.8700000047683716,27243.96094,4,,,,,0,2.1623189449310303,552.5999755859375,,,,,,,,,,,,
"Aug 10, 2023, 10:11:00 PM",Ethan Allen with Joanna ,,2217,7.81,2042,7.533984184265137,3.8249704837799072,44.72638702392578,42.02638626098633,33.20000076293945,49.70000076293945,6.926377773284912,0.034568451,,,,,,,,75.53077697753906,171.9707489013672,,,,,,,,,,,,,,0,,0,,1,,1691704832,5,22.40999984741211,23.290000915527344,17.729999542236328,0.75,1001.4500122070312,3.549999952316284,6.980000019073486,216,0.6000000238418579,1691660928,1691712384,0.875,,,0.800000012,5,0.8600000143051147,19819.78906,1,,,,,0,3.5230445861816406,99.30000305175781,,,,,,,,,,,,
"Aug 11, 2023, 9:28:35 PM",Katherine's with Joanna,,17292,21.47,5213,7.701952934265137,4.119806289672852,59.095428466796875,59.095428466796875,30.799999237060547,52.20000076293945,4.329077721,0,,,,,,,,69.30834961,402.85443115234375,,,,,,,,,,,,,,0,,0,,1,,1691787648,1,23.239999771118164,23.40999984741211,14.770000457763672,0.5899999737739563,1007.6099853515625,4.730000019073486,9.109999656677246,300,0,1691747456,1691798656,0.875,,,0.28999999165534973,5,0.18000000715255737,26871.75,2,,,,,0,1.2419934272766113,589.5,,,,,,,,,,,,
"Aug 12, 2023, 12:52:26 PM",Farmers market with Joe ,,11320,21.13,6194,11.347997665405273,3.412199020385742,51.756431579589844,51.35643005371094,31.399999618530273,51.900001525878906,5.873664379119873,0.001892581,,,,,,,,75.82247924804688,523.6535645,,,,,,,,,,,,,,0,,0,,1,,1691841536,3,17.149999618530273,17.260000228881836,14.649999618530273,0.8500000238418579,1012.9299926757812,2.7100000381469727,6.090000152587891,166,0,1691833984,1691884928,0.875,,,0.5299999713897705,5,0.9300000071525574,24969.94922,1,,,,,0,1.8670636415481567,355,,,,,,,,,,,,
"Aug 13, 2023, 3:53:20 PM",Lowes,,4977,24.81,4697,8.933984756469727,5.283103942871094,108.93265533447266,108.83265686035156,30.799999237060547,63.5,13.514720916748047,0.000402986,,,,,,,,79.63943481445312,417.0840759277344,,,,,,,,,,,,,,0,,0,,1,,1691938816,1,23.290000915527344,24.440000534057617,18.59000015258789,0.75,1009.77002,1.9900000095367432,4.980000019073486,210,0,1691920384,1691971328,0.875,,,0.550000012,5,0.36000001430511475,21015.98047,5,,,,,0,4.9858832359313965,424.8999938964844,,,,,,,,,,,,
"Aug 13, 2023, 10:58:59 PM",Causeway with joanna,,5893,20.18,5353,7.441992282867432,3.7711150646209717,56.97377395629883,56.773773193359375,31.200000762939453,54.29999923706055,7.877259731292725,0.000990747,,,,,,,,72.68605041503906,433.8335876464844,,,,,,,,,,,,,,0,,0,,1,,1691964032,1,24.75,25.170000076293945,15.770000457763672,0.5699999928474426,1010.2999877929688,3.759999990463257,9.090000153,282,0,1691920384,1691971328,0.875,,,0.5099999904632568,5,0.36000001430511475,30643.66016,1,,,,,0,3.4255521297454834,5709.700195,,,,,,,,,,,,
"Aug 15, 2023, 4:19:10 PM",Bike ferry and BBCo,,10406,43.69,7206,9.485937118530273,6.063448429107666,104.86483764648438,104.96483612060547,30.799999237060547,54.29999923706055,32.860008239746094,-0.000228869,,,,,,,,83.1394043,667.9993286132812,,,,,,,,,,,,,,0,,0,,1,,1692115200,3,22.170000076293945,22.84000015258789,17,0.7300000190734863,1010.6500244140625,1.5,3.2200000286102295,333,0,1692093312,1692143872,0,,,0.5600000023841858,5,0.9399999976158142,25065.13086,4,,,,,0,4.198847770690918,13864.90039,,,,,,,,,,,,
"Aug 16, 2023, 11:16:19 PM",Evening Ride,,6149,14.6,3864,17.093294143676758,3.7794744968414307,39.06272888183594,39.06272888183594,31.299999237060547,54.29999923706055,8.738692283630371,0,,,,,,,,69.43084716796875,299.1330871582031,,,,,,,,,,,,,,0,,0,,1,,1692226816,1,23.87999916,25.510000228881836,20,0.7900000214576721,1012.1599731445312,1.7100000381469727,3.7100000381469727,174,0,1692179840,1692230272,0,,,0.8299999833106995,5,0.1599999964237213,21820.51953,0,,,,,0,2.375002384185791,3.0999999046325684,,,,,,,,,,,,
"Aug 17, 2023, 12:55:38 PM",Meyers with Joanna,,8042,22.26,5863,18.710033416748047,3.797555923461914,78.07032775878906,78.17033386230469,30.799999237060547,60,5.811342239379883,-0.000449134,,,,,,,,69.22225952148438,452.5228576660156,,,,,,,,,,,,,,0,,0,,1,,1692273664,2,21.489999771118164,22.729999542236328,19.149999618530273,0.8600000143051147,1013.8400268554688,4.079999923706055,9.859999656677246,169,0,1692266240,1692316544,0.125,,,0.30000001192092896,1,0.5600000023841858,19479.93945,1,,,,,0,2.7685985565185547,249.60000610351562,,,,,,,,,,,,
"Aug 20, 2023, 7:57:34 PM",City market,,4029,20.37,3668,9.285937309265137,5.554871559143066,62.25406265258789,61.854061126708984,30.799999237060547,57.29999923706055,3.9894375801086426,0.001963164,,,,,,,,81.60603332519531,333.7539978027344,,,,,,,,,,,,,,0,,0,,1,,1692557952,1,26.43000030517578,27.40999984741211,17.62000084,0.5799999833106995,1015.1900024414062,3.240000009536743,6.329999923706055,191,0,1692525696,1692575360,0.125,,,0,1,0.3199999928474426,32060.81055,5,,,,,0,5.057153224945068,253.1999969482422,,,,,,,,,,,,
"Aug 21, 2023, 1:02:23 PM",Work,,5652,9.19,2995,17.60714340209961,3.069455623626709,98.32524108886719,40.92523956298828,33.20000076293945,106.9000015258789,12.779366493225098,0.6243867874145508,,,,,,,,105.5220947265625,352.38311767578125,,,,,,,,,,,,,,0,,0,,1,,1692622848,3,19.549999237060547,20.190000534057617,17.110000610351562,0.8600000143051147,1017.9299926757812,5.059999942779541,8.550000190734863,349,0.4000000059604645,1692612096,1692661760,0.125,,,0.25,5,0.9700000286102295,12615.21973,2,,,,,0,1.6265074014663696,356,,,,,,,,,,,,
"Aug 21, 2023, 6:13:35 PM",Home,,1751,8.93,1689,21.324663162231445,5.287003993988037,41.21760177612305,98.41760254,33.20000076293945,106.19999694824219,6.816253185272217,-0.640555441,,,,,,,,70.26268005371094,132.32113647460938,,,,,,,,,,,,,,0,,0,,1,,1692640768,3,21.329999923706055,21.309999465942383,13.890000343322754,0.6299999952316284,1018.9199829101562,4.670000076293945,8.460000038146973,350,0,1692612096,1692661760,0.125,,,0.28999999165534973,5,0.8899999856948853,29451.13086,4,,,,,0,5.099800109863281,468,,,,,,,,,,,,
"Aug 22, 2023, 1:36:52 PM",Work,,2002,8.5,1881,15.51372241973877,4.523386478424072,97.70200348,40.402000427246094,33.20000076293945,106.0999984741211,10.857809066772461,0.6734449863433838,,,,,,,,105.46796417236328,221.1995391845703,,,,,,,,,,,,,,0,,0,,1,,1692709248,1,17.37999916,17.200000762939453,12.829999923706055,0.75,1022.0399780273438,2.369999885559082,5.190000057220459,1,0,1692698624,1692748032,0.125,,,0,1,0.30000001192092896,24601.15039,2,,,,,0,4.249995231628418,255.3000030517578,,,,,,,,,,,,
"Aug 22, 2023, 4:33:56 PM",Home,,1703,8.49,1585,13.926996231079102,5.359886169433594,43.67601013183594,100.97601318359375,33.20000076293945,107.30000305175781,6.444642543792725,-0.674481094,,,,,,,,77.56385040283203,137.0766602,,,,,,,,,,,,,,0,,0,,1,,1692720000,1,21.170000076293945,21,13.050000190734863,0.6000000238418579,1021.6300048828125,3.9100000858306885,7.590000152587891,345,0,1692698624,1692748032,0.125,,,0,1,0.10999999940395355,28993.66992,6,,,,,0,4.988502502441406,497.29998779296875,,,,,,,,,,,,
"Aug 23, 2023, 5:46:32 PM",Two heroes part two,,14082,41.93,8050,9.766016006469727,5.208609580993652,115.86488342285156,119.06488037109375,29.700000762939453,67.19999694824219,6.963736057281494,-0.007631893,,,,,,,,84.55056,758.9047241210938,,,,,,,,,,,,,,0,,0,,1,,1692809984,1,23.5,23.15999984741211,12.239999771118164,0.49000000953674316,1019.52002,1.2699999809265137,3.319999933242798,223,0,1692785152,1692834304,0.125,,,0,1,0.079999998,34020.39063,7,,,,,0,2.977510929107666,17607.09961,,,,,,,,,,,,
"Aug 24, 2023, 12:24:36 PM",Morning Ride,,1498,5.23,1320,8.899999618530273,3.9680378437042236,85.32154083251953,17.121538162231445,33.79999923706055,106.69999694824219,11.669771194458008,1.3020708560943604,,,,,,,,116.81263732910156,171.9248504638672,,,,,,,,,,,,,,0,,0,,1,,1692878336,1,16.559999465942383,16.43000030517578,13.15999984741211,0.800000012,1017.6400146484375,3.119999885559082,7.059999942779541,164,0,1692871552,1692920576,0.25,,,0.5400000214576721,5,0.059999999,20080.30078,1,,,,,0,3.496535301208496,312.3999938964844,,,,,,,,,,,,
"Aug 24, 2023, 4:20:14 PM",Home,,1703,9.8,1604,20.761667251586914,6.109625816345215,50.04518508911133,107.44518280029297,33.20000076293945,106.0999984741211,20.851810455322266,-0.585723877,,,,,,,,84.06851959228516,150.35317993164062,,,,,,,,,,,,,,0,,0,,1,,1692892800,3,23.84000015258789,24.06999969482422,15.06000042,0.5799999833106995,1016.9099731445312,4.550000190734863,9.029999732971191,181,0,1692871552,1692920576,0.25,,,0.49000000953674316,5,0.7300000190734863,32567.63086,5,,,,,0,5.754456520080566,574.5999755859375,,,,,,,,,,,,
"Aug 26, 2023, 9:16:19 PM",Afternoon Ride,,8846,20.53,4938,7.471998691558838,4.158898354,63.16400146484375,63.16400146484375,30.799999237060547,57.5,5.056998252868652,0,,,,,,,,60.50560379,333.1359863,,,,,,,,,,,,,,0,,0,,1,,1693083648,2,21.81999969482422,22.739999771118164,17.959999084472656,0.7900000214576721,1010.989990234375,2.490000009536743,5.380000114440918,342,0.30000001192092896,1693044480,1693093248,0.375,,,0.75,5,0.4399999976158142,17893.74023,2,,,,,0,2.3215737342834473,240.8000030517578,,,,,,,,,,,,
"Aug 27, 2023, 9:15:34 PM",Ferry with Joanna,,8398,27.96,6924,8.203906059265137,4.038869380950928,55.00544738769531,55.10544967651367,31.200000762939453,52.20000076293945,6.756845951080322,-0.000357588,,,,,,,,65.70252227783203,507.24053955078125,,,,,,,,,,,,,,0,,0,,1,,1693170048,1,21.37999916,21.709999084472656,15.59000015258789,0.699999988,1015,3.630000114440918,6.989999771118164,2,0,1693131008,1693179520,0.375,,,0,1,0.18000000715255737,29610,2,,,,,0,3.329975128173828,13976.7998,,,,,,,,,,,,
"Sep 1, 2023, 12:11:18 PM",Morning Ride,,1833,8.2,1784,9.105957031,4.597707271575928,97.70410156,40.50410079956055,33.20000076293945,106.0999984741211,12.534512519836426,0.6973645687103271,,,,,,,,106.46268463134766,211.7713165283203,,,,,,,,,,,,,,0,,0,,1,,1693569536,1,14.079999923706055,13.720000267028809,11.289999961853027,0.8299999833106995,1025.1700439453125,1.809999942779541,3.5899999141693115,174,0,1693563392,1693611008,0.625,,,0,1,0.079999998,23327.38086,1,,,,,0,4.4748005867004395,188.60000610351562,,,,,,,,,,,,
"Sep 8, 2023, 10:33:07 PM",Ferry with jojo,,6850,27.82,6530,8.713867188,4.261655330657959,54.97880554199219,54.778804779052734,31.200000762939453,52.29999923706055,8.356909752,0.000718685,,,,,,,,68.35602569580078,497.69683837890625,,,,,,,,,,,,,,0,,0,,1,,,,,,,,,,,,,,,,,,,,,,,,,,,0,4.062570571899414,13745.2002,,,,,,,,,,,,
"Sep 9, 2023, 6:22:48 PM",Art hop,,10626,16.03,4178,14.01245117,3.8380470275878906,42.25414276123047,42.25414276123047,30.100000381469727,57.29999923706055,8.032422065734863,0,,,,,,,,58.39799880981445,272.0453186035156,,,,,,,,,,,,,,0,,0,,1,,,,,,,,,,,,,,,,,,,,,,,,,,,0,1.5090683698654175,202.8000030517578,,,,,,,,,,,,
"Sep 11, 2023, 10:25:50 PM",After work ride,,1968,9.44,1801,8.235986709594727,5.2425761222839355,22.07476234436035,22.174762725830078,42.5,54.29999923706055,4.864442825317383,-0.001059111,,,,,,,,69.83173370361328,140.23016357421875,,,,,,,,,,,,,,0,,0,,1,,,,,,,,,,,,,,,,,,,,,,,,,,,0,4.797703266143799,0,,,,,,,,,,,,
"Sep 13, 2023, 10:23:26 PM",Oakledge,,3326,19.48,3305,8.802050590515137,5.895025730133057,60.33269500732422,59.83269500732422,30.799999237060547,57.400001525878906,8.584122657775879,0.002566332,,,,,,,,77.07810974121094,284.03863525390625,,,,,,,,,,,,,,0,,0,,1,,,,,,,,,,,,,,,,,,,,,,,,,,,0,5.857805252075195,668.7999877929688,,,,,,,,,,,,
"Sep 14, 2023, 9:03:31 PM",4q woth jojo,,8403,13.98,3781,9.056055068969727,3.6972124576568604,120.6674805,120.6674805,33.20000076293945,73.80000305175781,11.029200553894043,0,,,,,,,,80.09213256835938,337.65362548828125,,,,,,,,,,,,,,0,,0,,1,,,,,,,,,,,,,,,,,,,,,,,,,,,0,1.6635916233062744,441.29998779296875,,,,,,,,,,,,
"Sep 20, 2023, 12:21:07 PM",Work,,1899,8.03,1766,8.710058212280273,4.548697471618652,98.01436614990234,40.414363861083984,33.20000076293945,106.80000305175781,12.675882339477539,0.7170422077178955,,,,,,,,108.83414459228516,214.30421447753906,,,,,,,,,,,,,,0,,0,,1,,,,,,,,,,,,,,,,,,,,,,,,,,,0,4.230121136,248.10000610351562,,,,,,,,,,,,
"Sep 20, 2023, 5:06:15 PM",Home,,1585,8.17,1560,10.127996444702148,5.237243652,41.255149841308594,98.45515441894531,33.20000076293945,106.0999984741211,6.750164985656738,-0.700113833,,,,,,,,69.21979522705078,120.40090942382812,,,,,,,,,,,,,,0,,0,,1,,,,,,,,,,,,,,,,,,,,,,,,,,,0,5.154637336730957,77.90000153,,,,,,,,,,,,
"Sep 22, 2023, 12:16:19 PM",Work,,2023,8.21,1922,8.221972465515137,4.271945953369141,97.76598358154297,40.26598358154297,33.20000076293945,106.19999694824219,12.618607521057129,0.7003074288368225,,,,,,,,106.60585021972656,228.45953369140625,,,,,,,,,,,,,,0,,0,,1,,,,,,,,,,,,,,,,,,,,,,,,,,,0,4.0586652755737305,74.19999694824219,,,,,,,,,,,,
"Sep 22, 2023, 6:43:38 PM",Work to SR,,1851,10.01,1736,21.31333351135254,5.768438816070557,49.563262939453125,104.66326141357422,33.20000076293945,106.19999694824219,6.578862667,-0.550229132,,,,,,,,88.35559844970703,171.02462768554688,,,,,,,,,,,,,,0,,0,,1,,,,,,,,,,,,,,,,,,,,,,,,,,,0,5.410053730010986,495.20001220703125,,,,,,,,,,,,
"Sep 22, 2023, 9:06:01 PM",Foam,,2788,12.82,2502,8.210009574890137,5.1269145011901855,35.097572326660156,34.99757004,32,57.400001525878906,4.276559829711914,0.000779573,,,,,,,,78.07971954345703,217.8213348388672,,,,,,,,,,,,,,0,,0,,1,,,,,,,,,,,,,,,,,,,,,,,,,,,0,4.600982666015625,504,,,,,,,,,,,,
"Sep 30, 2023, 8:07:09 PM",Switchback and back,,15939,21.33,6506,7.521972656,3.279801845550537,60.59421920776367,60.69422149658203,30.799999237060547,57.400001525878906,10.884932518005371,-0.000468639,,,,,,,,66.39299774169922,481.6274414,,,,,,,,,,,,,,0,,0,,1,,,,,,,,,,,,,,,,,,,,,,,,,,,0,1.3387534618377686,437,,,,,,,,,,,,
"Oct 1, 2023, 5:56:49 PM",4 q,,7869,15.38,3920,26.74080467224121,3.9241862297058105,133.40451049804688,133.8045196533203,33.20000076293945,73.80000305175781,11.261409759521484,-0.002600305,,,,,,,,77.85203552246094,340.27569580078125,,,,,,,,,,,,,,0,,0,,1,,,,,,,,,,,,,,,,,,,,,,,,,,,0,1.954862117767334,549.0999755859375,,,,,,,,,,,,
"Oct 4, 2023, 12:23:53 PM",Work,,1968,8.23,1784,9.260058403015137,4.614109039306641,98.50452423095703,40.50452423095703,33.20000076293945,107.4000015258789,10.458419799804688,0.7046043276786804,,,,,,,,106.46297454833984,211.7718963623047,,,,,,,,,,,,,,0,,0,,1,,,,,,,,,,,,,,,,,,,,,,,,,,,0,4.182708263397217,243.8000030517578,,,,,,,,,,,,
"Oct 4, 2023, 4:30:11 PM",Home,,3380,9.29,1715,13.887273788452148,5.420944690704346,41.19517135620117,98.59517669677734,33.20000076293945,106.19999694824219,6.358094215393066,-0.617408752,,,,,,,,84.91384125,162.37437438964844,,,,,,,,,,,,,,0,,0,,1,,,,,,,,,,,,,,,,,,,,,,,,,,,0,2.750567913,560.2000122070312,,,,,,,,,,,,
"Oct 14, 2023, 1:35:15 PM",Morning Ride,,760,3.34,709,7.964013576507568,4.717855930328369,3.4452381134033203,3.9452381134033203,47.20000076293945,51.599998474121094,3.759402037,-0.014947862,,,,,,,,71.70857238769531,56.68813705444336,,,,,,,,,,,,,,0,,0,,1,,,,,,,,,,,,,,,,,,,,,,,,,,,0,4.401263236999512,167.1999969482422,,,,,,,,,,,,
"Oct 14, 2023, 3:26:01 PM",Lamoille valley,,6541,25.87,5574,7.583984375,4.642115116119385,53.15312957763672,53.35313034057617,141,165.6999969482422,5.047650337219238,-0.000772942,,,,,,,,67.36019134521484,418.6442871,,,,,,,,,,,,,,0,,0,,1,,,,,,,,,,,,,,,,,,,,,,,,,,,0,3.9558401107788086,25817.19922,,,,,,,,,,,,
"Oct 14, 2023, 8:31:36 PM",Back from Joe's,,690,3.3,667,7.371996879577637,4.961004257202148,4.326666831970215,3.426666736602783,47.20000076293945,51.599998474121094,3.076923131942749,0.027198631316423416,,,,,,,,76.22076416015625,56.685760498046875,,,,,,,,,,,,,,0,,0,,1,,,,,,,,,,,,,,,,,,,,,,,,,,,0,4.795637607574463,174.60000610351562,,,,,,,,,,,,
"Mar 30, 2024, 6:50:04 PM",From work,,1793,8.21,1558,10.060009956359863,5.2704362869262695,42.252201080322266,103.77947235107422,33.099998474121094,110.80000305175781,6.989910125732422,-0.755053401,,,,,,,,63.48762512207031,110.2887954711914,,,,,,,,,,,,,,0,,0,,1,,,,,,,,,,,,,,,,,,,,,,,,,,,0,4.579665184020996,331.5,,,,,,,,,,,,
"Mar 31, 2024, 5:57:16 PM",Bbco,,9110,20.92,5835,7.026025295257568,3.585622787475586,64.91624450683594,64.42221069335938,30.799999237060547,58.20000076293945,5.618347644805908,0,,,,,,,,44.45715332,289.2393493652344,,,,,,,,,,,,,,0,,0,,1,,,,,,,,,,,,,,,,,,,,,,,,,,,0,2.2966091632843018,968.9000244140625,,,,,,,,,,,,
"Apr 7, 2024, 9:38:08 PM",Afternoon Ride,,3349,8.26,1902,8.564062118530273,4.3467302322387695,29.071937561035156,14.271936416625977,31.399999618530273,52,4.278991222381592,0.18506242334842682,,,,,,,,74.00435638427734,156.94326782226562,,,,,,,,,,,,,,0,,0,,1,,,,,,,,,,,,,,,,,,,,,,,,,,,0,2.468641519546509,397.6000061035156,,,,,,,,,,,,
"Apr 9, 2024, 10:08:36 PM",Evening Ride,,2497,13.72,2403,8.800000190734863,5.710536956787109,32.379581451416016,32.379581451416016,32.20000076293945,54.20000076293945,3.892713785171509,-0.001457469,,,,,,,,76.58689117,205.2027130126953,,,,,,,,,,,,,,0,,0,,1,,,,,,,,,,,,,,,,,,,,,,,,,,,0,5.495562553405762,173.60000610351562,,,,,,,,,,,,
"Apr 19, 2024, 12:22:30 PM",Morning Ride,,28410,18.19,11243,10.274023056030273,1.6183750629425049,149.1072235107422,149.1072235107422,33.099998474121094,108,18.85819435119629,-0.001099179,,,,,,,,76.42272186279297,958.0310668945312,,,,,,,,,,,,,,0,,0,,1,,,,,,,,,,,,,,,,,,,,,,,,,,,0,0.640457273,2736.300048828125,,,,,,,,,,,,
"Apr 22, 2024, 9:20:45 PM",Afternoon Ride,,2526,13.07,2286,8.533984184265137,5.717488765716553,35.472984313964844,35.472984313964844,32.400001525878906,54.400001525878906,6.039770603179932,0.002295301,,,,,,,,82.89614868164062,211.2931671142578,,,,,,,,,,,,,,0,,0,,1,,,,,,,,,,,,,,,,,,,,,,,,,,,0,5.174259662628174,395.5,,,,,,,,,,,,
"Apr 23, 2024, 12:38:14 PM",Morning Ride,,1702,6.67,1609,8.195996284484863,4.150428771972656,89.75078582763672,89.75078582763672,33.099998474121094,106.9000015258789,10.24320125579834,0.9329084753990173,,,,,,,,97.79378509521484,175.4454803466797,,,,,,,,,,,,,,0,,0,,1,,,,,,,,,,,,,,,,,,,,,,,,,,,0,3.923642873764038,267.79998779296875,,,,,,,,,,,,
"May 2, 2024, 9:34:32 PM",Afternoon Ride,,22029,13.84,4941,7.064013481140137,2.802090644836426,39.176265716552734,39.176265716552734,32.20000076293945,58.20000076293945,10.489474296569824,0,,,,,,,,51.364662170410156,282.9789733886719,,,,,,,,,,,,,,0,,0,,1,,,,,,,,,,,,,,,,,,,,,,,,,,,0,0.6284956336021423,928.9000244140625,,,,,,,,,,,,
"May 4, 2024, 2:30:38 PM",Morning Ride,,1912,8.2,1844,9.036010742,4.450070381164551,99.08927154541016,99.08927154541016,33.099998474121094,106.19999694824219,10.501965522766113,0.6982755661010742,,,,,,,,99.38516235351562,204.34185791015625,,,,,,,,,,,,,,0,,0,,1,,,,,,,,,,,,,,,,,,,,,,,,,,,0,4.291804313659668,198.10000610351562,,,,,,,,,,,,
"May 4, 2024, 6:24:39 PM",Afternoon Ride,,1537,8.24,1395,10.412012100219727,5.909892559051514,42.268150329589844,42.268150329589844,33.099998474121094,106.9000015258789,10.747322082519531,-0.696238637,,,,,,,,86.62952423095703,134.7457275390625,,,,,,,,,,,,,,0,,0,,1,,,,,,,,,,,,,,,,,,,,,,,,,,,0,5.363890647888184,261.70001220703125,,,,,,,,,,,,
"May 4, 2024, 9:15:53 PM",Afternoon Ride,,4340,19.93,3632,8.871973037719727,5.489592075,49.62443542480469,49.62443542480469,31.299999237060547,52,8.203156471252441,0,,,,,,,,85.64604949951172,346.8390808105469,,,,,,,,,,,,,,0,,0,,1,,,,,,,,,,,,,,,,,,,,,,,,,,,0,4.594055176,5898,,,,,,,,,,,,
"May 7, 2024, 12:14:56 PM",Morning Ride,,1956,8.21,1773,9.454004287719727,4.631664276123047,99.09803009033203,99.09803009033203,33.099998474121094,106.19999694824219,11.111455917358398,0.6989821791648865,,,,,,,,110.95049285888672,219.3374786376953,,,,,,,,,,,,,,0,,0,,1,,,,,,,,,,,,,,,,,,,,,,,,,,,0,4.198333740234375,105,,,,,,,,,,,,
"May 7, 2024, 7:44:09 PM",Afternoon Ride,,2109,9.54,1936,9.014013290405273,4.927748203277588,25.23555564880371,25.23555564880371,32.20000076293945,106.9000015258789,4.324324131011963,-0.60166955,,,,,,,,75.63709259033203,163.27325439453125,,,,,,,,,,,,,,0,,0,,1,,,,,,,,,,,,,,,,,,,,,,,,,,,0,4.523527622,203.60000610351562,,,,,,,,,,,,
"May 11, 2024, 10:07:10 PM",Evening Ride,,5225,18.43,4177,9.170312881469727,4.412951946258545,48.08591079711914,48.08591079711914,30.799999237060547,58.20000076293945,3.7756123542785645,0,,,,,,,,49.289527893066406,229.55882263183594,,,,,,,,,,,,,,0,,0,,1,,,,,,,,,,,,,,,,,,,,,,,,,,,0,3.527827739715576,391.70001220703125,,,,,,,,,,,,
"May 12, 2024, 9:35:07 PM",Afternoon Ride,,2568,9.99,1783,9.329882621765137,5.604784012,35.399471282958984,35.399471282958984,32.400001525878906,58.20000076293945,5.857209682,0,,,,,,,,94.80286407470703,188.47235107421875,,,,,,,,,,,,,,0,,0,,1,,,,,,,,,,,,,,,,,,,,,,,,,,,0,3.891483783721924,65.59999847,,,,,,,,,,,,
"May 13, 2024, 1:01:27 PM",Morning Ride,,1842,8.19,1696,9.313964844,4.830825328826904,99.11634826660156,99.11634826660156,33.099998474121094,106.19999694824219,10.810811042785645,0.6920474171638489,,,,,,,,106.6206055,201.6238250732422,,,,,,,,,,,,,,0,,0,,1,,,,,,,,,,,,,,,,,,,,,,,,,,,0,4.447926044464111,96,,,,,,,,,,,,
"May 14, 2024, 6:51:34 PM",Afternoon Ride,,7690,20.61,4610,8.969922065734863,4.472065448760986,51.87264633178711,51.87264633178711,31.299999237060547,52,8.516098022460938,-0.000485055,,,,,,,,86.62700653076172,445.27581787109375,,,,,,,,,,,,,,0,,0,,1,,,,,,,,,,,,,,,,,,,,,,,,,,,0,2.680912971496582,5853.100098,,,,,,,,,,,,
"May 16, 2024, 9:01:40 PM",Afternoon Ride,,4643,17.23,3741,7.467968940734863,4.606559753417969,47.78916549682617,47.79630661010742,30.799999237060547,58.20000076293945,5.653294086456299,0.013346378,,,,,,,,58.47541046142578,243.91351318359375,,,,,,,,,,,,,,0,,0,,1,,,,,,,,,,,,,,,,,,,,,,,,,,,0,3.711639165878296,267.3999938964844,,,,,,,,,,,,
"May 17, 2024, 6:03:35 PM",Afternoon Ride,,1242,6.44,1239,9.191991806030273,5.198749065,67.22737884521484,67.23571777,33.099998474121094,74.19999694824219,10,0.3943333923816681,,,,,,,,103.97270202636719,143.6367188,,,,,,,,,,,,,,0,,0,,1,,,,,,,,,,,,,,,,,,,,,,,,,,,0,5.186191558837891,121.0999984741211,,,,,,,,,,,,
"May 17, 2024, 6:30:05 PM",Afternoon Ride,,14609,11.75,3264,10.94000244140625,3.601470708847046,49.55962371826172,49.55962371826172,33.099998474121094,74.19999694824219,6.689531326293945,-0.216074586,,,,,,,,83.50879669189453,303.9185791015625,,,,,,,,,,,,,,0,,0,,1,,,,,,,,,,,,,,,,,,,,,,,,,,,0,0.8046546578407288,334.6000061035156,,,,,,,,,,,,
"May 20, 2024, 6:05:46 PM",Subaru,,1998,10.86,1913,8.655957221984863,5.6786041259765625,39.284034729003906,39.284034729003906,30.799999237060547,56.900001525878906,9.175627708435059,0.074563868,,,,,,,,77.07337951660156,164.39712524414062,,,,,,,,,,,,,,0,,0,,1,,,,,,,,,,,,,,,,,,,,,,,,,,,0,5.4370222091674805,275.79998779296875,,,,,,,,,,,,
"May 20, 2024, 11:17:04 PM",Airport park,,2898,15.37,2829,9.522069931030273,5.434241771697998,43.11668395996094,43.11668395996094,31.399999618530273,54.20000076293945,5.990931510925293,0,,,,,,,,84.09114837646484,265.25164794921875,,,,,,,,,,,,,,0,,0,,1,,,,,,,,,,,,,,,,,,,,,,,,,,,0,5.304854869842529,410.29998779296875,,,,,,,,,,,,
"May 21, 2024, 4:27:36 PM",Ferry with Katherine,,5877,29.46,5153,9.844141006469727,5.7175469398498535,61.508216857910156,61.508216857910156,31.299999237060547,56.79999923706055,7.885194301605225,0,,,,,,,,88.44018555,508.1414794921875,,,,,,,,,,,,,,0,,0,,1,,,,,,,,,,,,,,,,,,,,,,,,,,,0,5.013190269470215,13950.59961,,,,,,,,,,,,
"May 23, 2024, 10:19:09 PM",Evening Ride,,3803,12.69,3270,7.158007621765137,3.8831191062927246,58.88502502441406,58.88502502441406,31.299999237060547,56.79999923706055,7.6747236251831055,0,,,,,,,,49.89080047607422,181.90435791015625,,,,,,,,,,,,,,0,,0,,1,,,,,,,,,,,,,,,,,,,,,,,,,,,0,3.338890314102173,181.1999969482422,,,,,,,,,,,,
"May 25, 2024, 5:19:42 PM",Afternoon Ride,,14952,40.92,8380,10.296093940734863,4.8832244873046875,114.60289001464844,114.60289001464844,30.5,67,8.781690598,0.003665562,,,,,,,,63.58977127075195,594.1637573242188,,,,,,,,,,,,,,0,,0,,1,,,,,,,,,,,,,,,,,,,,,,,,,,,0,2.7368526458740234,17664.69922,,,,,,,,,,,,
"May 26, 2024, 6:50:17 PM",Afternoon Ride,,3551,18.75,3504,9.817968368530273,5.352231979370117,49.07844543457031,49.07844543457031,30.799999237060547,58.20000076293945,3.8536081314086914,-0.000533213,,,,,,,,78.46629333496094,306.5646667480469,,,,,,,,,,,,,,0,,0,,1,,,,,,,,,,,,,,,,,,,,,,,,,,,0,5.281391143798828,420.5,,,,,,,,,,,,
"May 28, 2024, 8:27:16 PM",Afternoon Ride,,2029,10.75,2004,8.740038871765137,5.365075111,21.156593322753906,21.156593322753906,34.400001525878906,52,3.957742929458618,0.003720373,,,,,,,,70.82144165039062,158.2476806640625,,,,,,,,,,,,,,0,,0,,1,,,,,,,,,,,,,,,,,,,,,,,,,,,0,5.2989702224731445,352.8999938964844,,,,,,,,,,,,
"May 30, 2024, 5:02:31 PM",Afternoon Ride,,5019,28.17,4788,8.662109375,5.885254859924316,54.28287887573242,54.336212158203125,31.299999237060547,54.20000076293945,7.565824986,0.000354879,,,,,,,,79.36957550048828,423.7239990234375,,,,,,,,,,,,,,0,,0,,1,,,,,,,,,,,,,,,,,,,,,,,,,,,0,5.614385128,13780.40039,,,,,,,,,,,,
"May 31, 2024, 8:02:42 PM",Afternoon Ride,,2980,13.27,2723,8.680078506469727,4.873183727264404,29.855073928833008,29.85871124267578,31.399999618530273,52,4.239507198,0,,,,,,,,62.54327392578125,189.8904571533203,,,,,,,,,,,,,,0,,0,,1,,,,,,,,,,,,,,,,,,,,,,,,,,,0,4.452912807,703.5999755859375,,,,,,,,,,,,
"Jun 2, 2024, 1:39:23 PM",Ferry and oakledge,,8368,42.38,7211,9.58984375,5.877923965454102,86.25135040283203,86.25135040283203,30.799999237060547,52,7.617501735687256,-0.000235929,,,,,,,,77.16894531,620.4587402,,,,,,,,,,,,,,0,,0,,1,,,,,,,,,,,,,,,,,,,,,,,,,,,0,5.065214157104492,14137.5,,,,,,,,,,,,
"Jun 3, 2024, 9:11:25 PM",Ferry with joanna,,7165,28.36,5889,8.1640625,4.8172760009765625,50.37106704711914,50.37106704711914,31.299999237060547,52,7.445919036865234,0,,,,,,,,57.65101242,378.5500793457031,,,,,,,,,,,,,,0,,0,,1,,,,,,,,,,,,,,,,,,,,,,,,,,,0,3.9593775272369385,13960.5,,,,,,,,,,,,
"Jun 5, 2024, 9:00:46 PM",Afternoon Ride,,2685,14.97,2536,9.867968559265137,5.905697822570801,34.900733947753906,34.900733947753906,31.399999618530273,54.20000076293945,4.524966716766357,0,,,,,,,,88.07758331298828,249.0517120361328,,,,,,,,,,,,,,0,,0,,1,,,,,,,,,,,,,,,,,,,,,,,,,,,0,5.577970027923584,619.5,,,,,,,,,,,,
"Jun 6, 2024, 7:13:25 PM",Oakledge,,3756,18.69,3351,9.724023818969727,5.577251434326172,48.963348388671875,48.96562194824219,30.799999237060547,58.20000076293945,4.231313705444336,0,,,,,,,,73.37434387207031,274.1533203,,,,,,,,,,,,,,0,,0,,1,,,,,,,,,,,,,,,,,,,,,,,,,,,0,4.975870609283447,386.3999938964844,,,,,,,,,,,,
"Jun 10, 2024, 9:54:49 PM",Afternoon Ride,,3662,14.36,3576,7.705956935882568,4.017463684082031,65.27167510986328,65.27167510986328,31.299999237060547,58.20000076293945,7.974534511566162,0.000696066,,,,,,,,48.74054718017578,194.3402557373047,,,,,,,,,,,,,,0,,0,,1,,,,,,,,,,,,,,,,,,,,,,,,,,,0,3.9231157302856445,9.5,,,,,,,,,,,,
"Jun 11, 2024, 1:00:38 PM",Morning Ride,,5208,27.89,4893,9.022265434265137,5.701273441314697,52.34339523,52.34339523,31.299999237060547,52,7.5843424797058105,0.00035847,,,,,,,,72.64252471923828,396.3154297,,,,,,,,,,,,,,0,,0,,1,,,,,,,,,,,,,,,,,,,,,,,,,,,0,5.356438159942627,13972.59961,,,,,,,,,,,,
"Jun 12, 2024, 8:13:54 PM",Ferry,,4668,27.97,4397,10.587987899780273,6.363076686859131,50.32036590576172,50.32036590576172,31.299999237060547,52,6.924182415008545,0,,,,,,,,91.12379455566406,446.7485352,,,,,,,,,,,,,,0,,0,,1,,,,,,,,,,,,,,,,,,,,,,,,,,,0,5.993669509887695,13941.2002,,,,,,,,,,,,
"Jun 13, 2024, 2:30:50 PM",Morning Ride,,23049,26.47,7381,8.540234565734863,3.587073564529419,62.827457427978516,62.827457427978516,30.799999237060547,52.599998474121094,7.279836654663086,0,,,,,,,,75.52339935302734,621.5435791015625,,,,,,,,,,,,,,0,,0,,1,,,,,,,,,,,,,,,,,,,,,,,,,,,0,1.1486914157867432,1114.5,,,,,,,,,,,,
"Jun 13, 2024, 8:57:27 PM",Afternoon Ride,,7372,28.1,6414,9.690234184265137,4.381180286407471,54.544734954833984,54.544734954833984,31.299999237060547,52,8.035874366760254,-0.000355861,,,,,,,,50.712398529052734,362.6753234863281,,,,,,,,,,,,,,0,,0,,1,,,,,,,,,,,,,,,,,,,,,,,,,,,0,3.811840772628784,13972.59961,,,,,,,,,,,,
"Jun 14, 2024, 6:20:48 PM",Afternoon Ride,,11601,42.93,8677,10.774218559265137,4.947653293609619,149.5041504,149.5281982421875,29.399999618530273,67,9.474902153015137,-0.000232933,,,,,,,,72.79478454589844,704.2789916992188,,,,,,,,,,,,,,0,,0,,1,,,,,,,,,,,,,,,,,,,,,,,,,,,0,3.700611114501953,19850.30078,,,,,,,,,,,,
"Jun 15, 2024, 2:53:44 PM",Farmers market with joanna,,7541,16.35,4286,7.949999809265137,3.8152287006378174,44.466041564941406,44.466041564941406,32,52.099998474121094,5.706854820251465,0,,,,,,,,51.60767746,246.62742614746094,,,,,,,,,,,,,,0,,0,,1,,,,,,,,,,,,,,,,,,,,,,,,,,,0,2.168421983718872,827.5,,,,,,,,,,,,
"Jun 18, 2024, 1:42:11 PM",Morning Ride,,14121,41.77,9822,9.293749809265137,4.253447532653809,110.8705062866211,110.8705062866211,29.399999618530273,67,8.494903564453125,0,,,,,,,,57.73441696166992,632.2802124023438,,,,,,,,,,,,,,0,,0,,1,,,,,,,,,,,,,,,,,,,,,,,,,,,0,2.958527088165283,17686.59961,,,,,,,,,,,,
"Jun 20, 2024, 3:46:59 PM",Lunch Ride,,35555,19.35,8744,13.5,2.213942289352417,44.06359100341797,44.06359100341797,32.20000076293945,56.79999923706055,12.422661781311035,-0.000516563,,,,,,,,80.00628662109375,780.026123,,,,,,,,,,,,,,0,,0,,1,,,,,,,,,,,,,,,,,,,,,,,,,,,0,0.5444722771644592,826.7999877929688,,,,,,,,,,,,
"Jun 27, 2024, 4:47:44 PM",Oakledge,,3300,18.68,3179,9.535985946655273,5.876612186431885,48.940189361572266,48.940189361572266,30.700000762939453,58.29999923706055,3.3855435848236084,0,,,,,,,,80.43663787841797,285.114502,,,,,,,,,,,,,,0,,0,,1,,,,,,,,,,,,,,,,,,,,,,,,,,,0,5.661136150360107,388.79998779296875,,,,,,,,,,,,
"Jun 28, 2024, 6:03:20 PM",Burlington,,7759,32.89,6876,9.121874809265137,4.784079074859619,195.99110412597656,195.99110412597656,30.700000762939453,129.39999389648438,10.143635749816895,0,,,,,,,,68.88143157958984,528.0960693359375,,,,,,,,,,,,,,0,,0,,1,,,,,,,,,,,,,,,,,,,,,,,,,,,0,4.239634990692139,541.5,,,,,,,,,,,,
"Jul 1, 2024, 5:53:29 PM",Ferry and oakledge,,7456,43.87,7170,10.741796493530273,6.118711471557617,102.83575439453125,102.84484100341797,30.700000762939453,52,9.358591079711914,-0.001367641,,,,,,,,89.33296966552734,714.1768798828125,,,,,,,,,,,,,,0,,0,,1,,,,,,,,,,,,,,,,,,,,,,,,,,,0,5.884007453918457,14206.2998,,,,,,,,,,,,
"Jul 3, 2024, 3:01:17 PM",Two heroes,,12669,46.36,8844,9.819921493530273,5.242076396942139,125.41194152832031,125.41194152832031,29.399999618530273,66.90000153,8.438401222229004,0,,,,,,,,78.13972473144531,770.5404663085938,,,,,,,,,,,,,,0,,0,,1,,,,,,,,,,,,,,,,,,,,,,,,,,,0,3.6593987941741943,17678,,,,,,,,,,,,
"Jul 6, 2024, 7:06:52 PM",Afternoon Ride,,1935,8.51,1594,8.528027534484863,5.339252948760986,13.603939056396484,13.603939056396484,31.399999618530273,52,4.245244026184082,-0.12689805,,,,,,,,69.78445434570312,124.02861022949219,,,,,,,,,,,,,,0,,0,,1,,,,,,,,,,,,,,,,,,,,,,,,,,,0,4.3983306884765625,349.20001220703125,,,,,,,,,,,,
"Jul 6, 2024, 9:41:22 PM",Afternoon Ride,,1666,8.53,1616,8.767992973327637,5.280352592468262,23.72745132446289,23.72745132446289,31.399999618530273,52,4.159235000610352,0.12656670808792114,,,,,,,,75.33350372314453,135.73892211914062,,,,,,,,,,,,,,0,,0,,1,,,,,,,,,,,,,,,,,,,,,,,,,,,0,5.121878623962402,347.5,,,,,,,,,,,,
"Jul 7, 2024, 2:46:04 PM",Morning Ride,,3040,9.98,1845,8.767969131469727,5.411100387573242,29.568035125732422,29.568035125732422,30.700000762939453,58.20000076293945,3.805170774459839,-0.044072807,,,,,,,,75.36204528808594,155.0329132080078,,,,,,,,,,,,,,0,,0,,1,,,,,,,,,,,,,,,,,,,,,,,,,,,0,3.2840397357940674,157.8000030517578,,,,,,,,,,,,
"Jul 8, 2024, 5:43:21 PM",Railway apothecary,,3862,18.49,3483,9.217968940734863,5.310295581817627,47.15306854248047,47.15306854248047,30.700000762939453,58.29999923706055,4.7394866943359375,-0.003784651,,,,,,,,85.07687377929688,330.3998718261719,,,,,,,,,,,,,,0,,0,,1,,,,,,,,,,,,,,,,,,,,,,,,,,,0,4.789165974,816.7000122070312,,,,,,,,,,,,
"Jul 9, 2024, 3:26:38 PM",Lunch Ride,,6498,27.95,4853,9.232030868530273,5.760873794555664,50.206878662109375,50.206878662109375,31.200000762939453,52,6.896087169647217,0,,,,,,,,84.65478516,458.0751037597656,,,,,,,,,,,,,,0,,0,,1,,,,,,,,,,,,,,,,,,,,,,,,,,,0,4.302480697631836,13790.90039,,,,,,,,,,,,
"Jul 11, 2024, 9:35:24 PM",Afternoon Ride,,7541,9.47,3465,8.350000381469727,2.733240842819214,21.60515785217285,21.61111068725586,31.899999618530273,57.29999923706055,5.0505547523498535,-0.129874527,,,,,,,,73.94795989990234,285.69610595703125,,,,,,,,,,,,,,0,,0,,1,,,,,,,,,,,,,,,,,,,,,,,,,,,0,1.2558917999267578,467.3999938964844,,,,,,,,,,,,
"Jul 12, 2024, 5:52:02 PM",Alburg,,13541,65.29,11481,13.887890815734863,5.687006474,318.2516784667969,318.2850341796875,29.399999618530273,66.90000153,13.552144050598145,0.001684726,,,,,,,,83.68518829345703,1071.280517578125,,,,,,,,,,,,,,0,,0,,1,,,,,,,,,,,,,,,,,,,,,,,,,,,0,4.821838855743408,15983.7998,,,,,,,,,,,,
"Jul 14, 2024, 9:50:06 PM",Colchester,,3225,11.71,2919,8.517969131469727,4.012661933898926,92.30193328857422,92.30193328857422,34.79999923706055,60.099998474121094,6.309165000915527,-0.00170751,,,,,,,,60.51403045654297,196.9541016,,,,,,,,,,,,,,0,,0,,1,,1720990848,1,29.459999084472656,31.850000381469727,18.56999969482422,0.5199999809265137,1012.2999877929688,1.9500000476837158,4.179999828338623,193,0,1720948864,1721003776,0.25,,,0,1,0.07,32194.09961,3,,,,,0,3.631925582885742,0,,,,,,,,,,,,
"Jul 15, 2024, 4:33:24 PM",Lunch Ride,,2172,13.92,2126,9.775976181030273,6.549266338348389,16.457063674926758,16.457063674926758,31.200000762939453,52,6.363288879394531,-0.124248222,,,,,,,,93.18464660644531,220.8932647705078,,,,,,,,,,,,,,0,,0,,1,,1721059200,1,27.579999923706055,29.68000030517578,21.139999389648438,0.6800000071525574,1009.4199829101562,2.5,5.21999979,185,0.029999999329447746,1721035392,1721090048,0.375,,,0.4399999976158142,5,0.090000004,22475.00977,7,,,,,0,6.410562038421631,6978.5,,,,,,,,,,,,
"Jul 16, 2024, 5:15:45 PM",Afternoon Ride,,4808,13.92,3136,13.270116806030273,4.440242290496826,112.09024810791016,112.09024810791016,33.099998474121094,74.40000153,9.695657730102539,-0.000718153,,,,,,,,89.50417328,312.9638672,,,,,,,,,,,,,,0,,0,,1,,1721149184,1,28.170000076293945,29.760000228881836,21.469999313354492,0.6700000166893005,1006.2000122070312,3.4000000953674316,5.670000076293945,185,0,1721121792,1721176448,0.375,,,0.8700000047683716,5,0.059999999,25470.66016,7,,,,,0,2.8961312770843506,524,,,,,,,,,,,,
"Jul 18, 2024, 5:58:53 PM",Afternoon Ride,,3403,19.03,3236,9.5859375,5.880441665649414,51.056297302246094,51.056297302246094,30.700000762939453,58.20000076293945,3.8398079872131348,0,,,,,,,,79.32917022705078,286.2307434082031,,,,,,,,,,,,,,0,,0,,1,,1721321984,3,24.81999969482422,22.950000762939453,14.880000114440918,0.5400000214576721,1012.1300048828125,4.159999847412109,8.229999542236328,302,0,1721294720,1721349120,0.375,,,0.1899999976158142,5,0.9800000190734863,26996.60938,7,,,,,0,5.591862678527832,230.89999389648438,,,,,,,,,,,,
"Jul 19, 2024, 6:02:45 PM",Afternoon Ride,,18968,88.84,16763,15.009374618530273,5.299835681915283,288.3432922363281,288.3432922363281,96.69999694824219,152.10000610351562,48.395320892333984,-0.011818848,,,,,,,,69.90055084228516,1306.4932861328125,,,,,,,,,,,,,,0,,0,,1,,1721411968,1,24.860000610351562,26.950000762939453,14.920000076293945,0.5400000214576721,1018.489990234375,2.0899999141693115,5.440000057220459,290,0,1721381120,1721435520,0.375,,,0,1,0,30972,6,,,,,0,4.6837382316589355,84880.20313,,,,,,,,,,,,
"Jul 21, 2024, 9:37:18 PM",Afternoon Ride,,6607,15.9,3915,8.640039443969727,4.061833858,49.259307861328125,49.26174545288086,30.799999237060547,52,9.657064437866211,-0.001257697,,,,,,,,56.775394439697266,247.83737182617188,,,,,,,,,,,,,,0,,0,,1,,1721595648,1,24.530000686645508,26.329999923706055,14.329999923706055,0.5299999713897705,1016.77002,2.5799999237060547,5.650000095367432,9,0,1721554176,1721608192,0.5,,,0.5199999809265137,5,0.01,30813.08008,2,,,,,0,2.406853437423706,890.7999877929688,,,,,,,,,,,,
"Jul 23, 2024, 4:12:21 PM",Ferry,,5736,27.97,4922,8.255859375,5.683037281036377,52.10179138183594,52.10179138183594,31.200000762939453,54.29999923706055,7.506413937,0,,,,,,,,74.08459473,406.5784912109375,,,,,,,,,,,,,,0,,0,,1,,1721750400,3,21.940000534057617,22.149999618530273,18.719999313354492,0.8199999928474426,1017.719970703125,1.7699999809265137,3.2899999618530273,335,0.10000000149011612,1721727104,1721780864,0.625,,,0.8799999952316284,5,1,20953.74023,4,,,,,0,4.876553535461426,13610,,,,,,,,,,,,
"Jul 24, 2024, 8:02:33 PM",Afternoon Ride,,3650,20.46,3514,10.527929306030273,5.822538375854492,63.56238555908203,63.56238555908203,30.700000762939453,58.20000076293945,8.121612548828125,0.000488749,,,,,,,,77.85794067382812,305.0559997558594,,,,,,,,,,,,,,0,,0,,1,,1721851136,3,27.139999389648438,25.729999542236328,20.239999771118164,0.6600000262260437,1016.4199829101562,4.889999866485596,8.470000267028809,180,1.4600000381469727,1721813504,1721867264,0.625,,,0.7699999809265137,5,1,28986.80078,3,,,,,0,5.605588912963867,268.20001220703125,,,,,,,,,,,,
"Jul 27, 2024, 1:48:50 PM",Farmers market,,7229,21.79,6107,8.243945121765137,3.5694594383239746,45.97312545776367,45.97312545776367,31.100000381469727,52,7.504580497741699,0,,,,,,,,71.71215057373047,488.3099365234375,,,,,,,,,,,,,,0,,0,,1,,1722085248,1,20.65999984741211,23.84000015258789,15.649999618530273,0.7300000190734863,1020.7100219726562,1.1200000047683716,3.4200000762939453,218,0,1722072960,1722126208,0.625,,,0,1,0.019999999552965164,25443.67969,2,,,,,0,3.0154502391815186,634.4000244140625,,,,,,,,,,,,
"Jul 29, 2024, 2:54:37 PM",Ferry,,4975,27.99,4637,10.245702743530273,6.038160324,50.00842285,50.00842285,31.200000762939453,52,6.883776664733887,0,,,,,,,,84.11666870117188,434.9046325683594,,,,,,,,,,,,,,0,,0,,1,,1722261632,3,23.329999923706055,24.100000381469727,18.219999313354492,0.7300000190734863,1015.1500244140625,1.409999966621399,3.180000066757202,327,0,1722245888,1722298880,0.875,,,0.27000001072883606,5,0.8399999737739563,25383.91992,4,,,,,0,5.627929688,14069.59961,,,,,,,,,,,,
"Jul 29, 2024, 10:58:47 PM",Perkins peir with joanna,,3944,14.75,3309,7.839990139007568,4.457292079925537,33.475807189941406,33.475807189941406,30.700000762939453,56.900001525878906,5.844007492,-0.000678004,,,,,,,,52.52046585083008,193.77609252929688,,,,,,,,,,,,,,0,,0,,1,,1722290432,1,27.309999465942383,30.15999984741211,19.90999984741211,0.6399999856948853,1011.27002,1.2200000286102295,2.2699999809265137,322,0.25999999046325684,1722245760,1722298880,0.875,,,0.3199999928474426,5,0.07,27959.98047,1,,,,,0,3.739650011062622,312.3999938964844,,,,,,,,,,,,
"Jul 30, 2024, 8:14:45 PM",Missisquoi with joanna,,7220,29.71,6612,16.33203125,4.493616104125977,128.21580505371094,128.21580505371094,96.69999694824219,152.10000610351562,9.102761268615723,-0.017838037,,,,,,,,62.04102325439453,457.3900146484375,,,,,,,,,,,,,,0,,0,,1,,1722369536,3,30.190000534057617,29.729999542236328,21.290000915527344,0.5899999737739563,1009.9600219726562,3.450000047683716,6.940000057220459,192,0,1722332160,1722385280,0.875,,,0.5199999809265137,5,1,31109,4,,,,,0,4.115206241607666,27851.90039,,,,,,,,,,,,
"Jul 31, 2024, 3:38:06 PM",Lunch Ride,,11744,20.5,4940,9.403905868530273,4.150738716125488,53.73698425292969,53.73698425292969,30.700000762939453,56.900001525878906,5.794040203094482,0,,,,,,,,77.22606658935547,425.3688659667969,,,,,,,,,,,,,,0,,0,,1,,1722438016,3,24.959999084472656,23.600000381469727,21.670000076293945,0.8199999928474426,1010.219970703125,4.820000171661377,9.949999809265137,174,0.20999999344348907,1722418816,1722471552,0.875,,,0.8799999952316284,5,1,18449.44922,4,,,,,0,1.745968222618103,472.29998779296875,,,,,,,,,,,,
"Aug 3, 2024, 4:51:55 PM",Snow vineyard,,15368,40.82,8749,11.611719131469727,4.666440963745117,148.69424438476562,148.69424438476562,30.399999618530273,66.90000153,10.55981159210205,0,,,,,,,,64.01758575439453,624.5001831054688,,,,,,,,,,,,,,0,,0,,1,,1722700800,1,27.979999542236328,30.850000381469727,21.530000686645508,0.6800000071525574,1008.7899780273438,1.5299999713897705,3.1600000858306885,232,0,1722678144,1722730496,0.875,,,0.47999998927116394,5,0.07,28661.00977,5,,,,,0,2.656604051589966,18777.30078,,,,,,,,,,,,
"Aug 6, 2024, 2:54:56 PM",Ferry and back,,4822,28.01,4640,9.673828125,6.037387847900391,50.24428176879883,50.24428176879883,31.200000762939453,52,7.142857074737549,-0.000356971,,,,,,,,89.81172943115234,464.64996337890625,,,,,,,,,,,,,,0,,0,,1,,1722952832,3,18.62000084,17.479999542236328,14.710000038146973,0.7799999713897705,1016.8800048828125,2.5399999618530273,5.139999866485596,0,0,1722937600,1722989440,0.125,,,0.3799999952316284,5,1,24612.41016,3,,,,,0,5.809514999389648,13988.09961,,,,,,,,,,,,
"Aug 7, 2024, 4:01:17 PM",To work,,2212,8.8,1969,9.474023818969727,4.469019889831543,106.03230285644531,106.03230285644531,33.099998474121094,110.80000305175781,13.034019470214844,0.6670833826065063,,,,,,,,96.85983276367188,212.6494598388672,,,,,,,,,,,,,,0,,0,,1,,1723046400,1,22.290000915527344,23.87999916,14.40999984741211,0.6100000143051147,1017.0999755859375,2.640000104904175,4.699999809265137,338,0,1723024000,1723075712,0.125,,,0.10000000149011612,5,0,30087.91992,7,,,,,0,3.978074073791504,538.5,,,,,,,,,,,,
"Aug 8, 2024, 3:25:44 PM",Ferry and back,,4884,28,4703,11.58789063,5.953778266906738,50.028377532958984,50.028377532958984,31.200000762939453,52,7.112907409667969,0,,,,,,,,86.99842071533203,456.20623779296875,,,,,,,,,,,,,,0,,0,,1,,1723129216,3,23.170000076293945,22.389999389648438,15.239999771118164,0.6100000143051147,1019.8699951171875,2.4600000381469727,5.900000095367432,167,0,1723110528,1723162112,0.125,,,0.6399999856948853,5,0.9900000095367432,30751.44922,4,,,,,0,5.733132362365723,13963.40039,,,,,,,,,,,,
"Aug 8, 2024, 6:41:27 PM",Oakledge,,3536,19.2,3501,8.784082412719727,5.486046791,46.59620285,46.59620285,30.700000762939453,52,4.016070365905762,-0.001041306,,,,,,,,68.90145111083984,268.9647521972656,,,,,,,,,,,,,,0,,0,,1,,1723139968,3,26.25,24.479999542236328,15.010000228881836,0.5,1018.5800170898438,4.179999828338623,7.739999771118164,170,0,1723110528,1723162112,0.125,,,0.5799999833106995,5,1,34994.71094,5,,,,,0,5.4317450523376465,563.9000244140625,,,,,,,,,,,,
"Aug 11, 2024, 6:13:26 PM",Shy guy with joanna,,4526,15.48,3892,7.650000095367432,3.9787075519561768,49.57860184,49.57860184,31.899999618530273,52,14.00533390045166,0,,,,,,,,56.36323928833008,244.59278869628906,,,,,,,,,,,,,,0,,0,,1,,1723399168,3,22.25,21.93000030517578,16.06999969482422,0.6800000071525574,1012.77002,2.200000047683716,6.699999809265137,226,0.5099999904632568,1723369856,1723421056,0.125,,,0.550000012,5,0.9100000262260437,24495,5,,,,,0,3.4213719367980957,387.3999938964844,,,,,,,,,,,,
"Aug 13, 2024, 12:57:17 PM",To work,,1906,8.26,1793,9.154004096984863,4.611182213,98.97611236572266,98.97611236572266,33.099998474121094,106.19999694824219,10.428878784179688,0.693045974,,,,,,,,94.97314453,189.8698272705078,,,,,,,,,,,,,,0,,0,,1,,1723550464,1,17.290000915527344,19.860000610351562,14,0.8100000023841858,1016.1599731445312,1.409999966621399,3.7300000190734863,271,0,1723542784,1723593600,0.25,,,0,1,0.090000004,23438.08008,1,,,,,0,4.337801456451416,97.40000153,,,,,,,,,,,,
